<?xml version="1.0" encoding="UTF-8"?>
<project-private xmlns="http://www.netbeans.org/ns/project-private/1">
    <editor-bookmarks xmlns="http://www.netbeans.org/ns/editor-bookmarks/2" lastBookmarkId="0"/>
    <open-files xmlns="http://www.netbeans.org/ns/projectui-open-files/2">
        <group>
            <file>file:/C:/Users/Welcome/Documents/NetBeansProjects/ProjectGUI/src/F14_ReserveRoom.java</file>
            <file>file:/C:/Users/Welcome/Documents/NetBeansProjects/ProjectGUI/src/F16_CancelReservation.java</file>
            <file>file:/C:/Users/Welcome/Documents/NetBeansProjects/ProjectGUI/src/F5_menuUser.java</file>
            <file>file:/C:/Users/Welcome/Documents/NetBeansProjects/ProjectGUI/src/Login2Frame.java</file>
            <file>file:/C:/Users/Welcome/Documents/NetBeansProjects/ProjectGUI/src/Login3FrameInforUser.java</file>
            <file>file:/C:/Users/Welcome/Documents/NetBeansProjects/ProjectGUI/src/F12_viewRoom.java</file>
            <file>file:/C:/Users/Welcome/Documents/NetBeansProjects/ProjectGUI/src/F6_menuMgr.java</file>
            <file>file:/C:/Users/Welcome/Documents/NetBeansProjects/ProjectGUI/src/F7_addnewRoom.java</file>
            <file>file:/C:/Users/Welcome/Documents/NetBeansProjects/ProjectGUI/src/projectgui/F15_ChooseTime.java</file>
        </group>
    </open-files>
</project-private>
